technique_id,technique_name,tactic_name,kill_chain_stage,execution_mode,target_agent,scenario_week,is_top_10,severity,cvss_score,owasp_llm,practitioner_narrative,rogue_actor_story,risk_statement,threat_hunt_steps,threat_hunt_spl
AML.T0000,ML Model Feature Inference via API,Reconnaissance,Reconnaissance,SIMULATED,acme-agent-intake-001,,false,Medium,5.3,LLM03,Teach practitioners how ML Model Feature Inference via API manifests in agentic banking workflows. Map to OWASP LLM03 and hunt using the provided SPL.,"The adversary advances the Reconnaissance phase using ML Model Feature Inference via API. In a multi-agent banking environment, this targets inference_api, model_endpoint to achieve: Reveals model architecture enabling targeted evasion or extraction attacks",CVSS 5.3 (Medium): Reveals model architecture enabling targeted evasion or extraction attacks,"Establish scope: `acme_genai_index` technique_id=AML.T0000 over your investigation window. || Pivot entities: | stats count values(incident_id) as incidents by agent.id, session_id. || Validate detection signal: search for 'inference_api_query_rate > baseline_sigma_3' in raw events. || Control efficacy: filter defenseclaw_action=RATE_LIMIT and codeguard_blocked. || Chain context: correlate incident_id and parent_trace_id with kill-chain timeline dashboard. || Framework mapping: | lookup acme_framework_lookup technique_id OUTPUT owasp_llm, nist_ai_rmf, severity. || Close loop: document observed vs expected stage in acme_kill_chain_stages_lookup for chain exercises.","`acme_genai_index` technique_id=""AML.T0000"" | stats count by agent.id span=1m | where count > 50"
AML.T0001,AI Model Inference via Direct Access,Reconnaissance,Reconnaissance,SIMULATED,acme-agent-intake-001,,false,Medium,5.0,LLM03,Teach practitioners how AI Model Inference via Direct Access manifests in agentic banking workflows. Map to OWASP LLM03 and hunt using the provided SPL.,"The adversary advances the Reconnaissance phase using AI Model Inference via Direct Access. In a multi-agent banking environment, this targets model_weights, model_file_store to achieve: Full model capability mapping without API rate limits",CVSS 5.0 (Medium): Full model capability mapping without API rate limits,"Establish scope: `acme_genai_index` technique_id=AML.T0001 over your investigation window. || Pivot entities: | stats count values(incident_id) as incidents by agent.id, session_id. || Validate detection signal: search for 'model_file_read_by_unauthorized_principal' in raw events. || Control efficacy: filter defenseclaw_action=ALERT and codeguard_blocked. || Chain context: correlate incident_id and parent_trace_id with kill-chain timeline dashboard. || Framework mapping: | lookup acme_framework_lookup technique_id OUTPUT owasp_llm, nist_ai_rmf, severity. || Close loop: document observed vs expected stage in acme_kill_chain_stages_lookup for chain exercises.","`acme_genai_index` technique_id=""AML.T0001"" | table _time agent.id event_type"
AML.T0002,AI Model Inference via Passive Collection,Reconnaissance,Reconnaissance,SIMULATED,acme-agent-intake-001,,false,Medium,4.0,LLM02,Teach practitioners how AI Model Inference via Passive Collection manifests in agentic banking workflows. Map to OWASP LLM02 and hunt using the provided SPL.,"The adversary advances the Reconnaissance phase using AI Model Inference via Passive Collection. In a multi-agent banking environment, this targets network_traffic, shared_logs, output_cache to achieve: Model capability map built without direct interaction",CVSS 4.0 (Medium): Model capability map built without direct interaction,"Establish scope: `acme_genai_index` technique_id=AML.T0002 over your investigation window. || Pivot entities: | stats count values(incident_id) as incidents by agent.id, session_id. || Validate detection signal: search for 'unusual_log_export_volume' in raw events. || Control efficacy: filter defenseclaw_action=ALERT and codeguard_blocked. || Chain context: correlate incident_id and parent_trace_id with kill-chain timeline dashboard. || Framework mapping: | lookup acme_framework_lookup technique_id OUTPUT owasp_llm, nist_ai_rmf, severity. || Close loop: document observed vs expected stage in acme_kill_chain_stages_lookup for chain exercises.","`acme_genai_index` technique_id=""AML.T0002"""
AML.T0003,System Prompt Discovery,Reconnaissance,Reconnaissance,SIMULATED,acme-agent-intake-001,,false,High,6.5,LLM07,Teach practitioners how System Prompt Discovery manifests in agentic banking workflows. Map to OWASP LLM07 and hunt using the provided SPL.,"The adversary advances the Reconnaissance phase using System Prompt Discovery. In a multi-agent banking environment, this targets system_prompt, agent_context to achieve: Reveals guardrail structure enabling targeted bypass",CVSS 6.5 (High): Reveals guardrail structure enabling targeted bypass,"Establish scope: `acme_genai_index` technique_id=AML.T0003 over your investigation window. || Pivot entities: | stats count values(incident_id) as incidents by agent.id, session_id. || Validate detection signal: search for 'output_contains_system_prompt_fragment' in raw events. || Control efficacy: filter defenseclaw_action=HARD_DENY and codeguard_blocked. || Chain context: correlate incident_id and parent_trace_id with kill-chain timeline dashboard. || Framework mapping: | lookup acme_framework_lookup technique_id OUTPUT owasp_llm, nist_ai_rmf, severity. || Close loop: document observed vs expected stage in acme_kill_chain_stages_lookup for chain exercises.","`acme_genai_index` technique_id=""AML.T0003"" galileo_check=""PROMPT_LEAK_DETECTED"""
AML.T0004,Search for Victim AI Infrastructure,Reconnaissance,Reconnaissance,SIMULATED,acme-agent-intake-001,,false,Low,3.7,,Teach practitioners how Search for Victim AI Infrastructure manifests in agentic banking workflows. Map to OWASP N/A and hunt using the provided SPL.,"The adversary advances the Reconnaissance phase using Search for Victim AI Infrastructure. In a multi-agent banking environment, this targets model_endpoint, vector_db, mlflow_server to achieve: Identifies attack surface for subsequent exploitation",CVSS 3.7 (Low): Identifies attack surface for subsequent exploitation,"Establish scope: `acme_genai_index` technique_id=AML.T0004 over your investigation window. || Pivot entities: | stats count values(incident_id) as incidents by agent.id, session_id. || Validate detection signal: search for 'port_scan_targeting_ai_ports' in raw events. || Control efficacy: filter defenseclaw_action=ALERT and codeguard_blocked. || Chain context: correlate incident_id and parent_trace_id with kill-chain timeline dashboard. || Framework mapping: | lookup acme_framework_lookup technique_id OUTPUT owasp_llm, nist_ai_rmf, severity. || Close loop: document observed vs expected stage in acme_kill_chain_stages_lookup for chain exercises.","`acme_genai_index` technique_id=""AML.T0004"""
AML.T0005,AI Model OSINT Collection,Reconnaissance,Reconnaissance,SIMULATED,acme-agent-intake-001,,false,Low,3.1,,Teach practitioners how AI Model OSINT Collection manifests in agentic banking workflows. Map to OWASP N/A and hunt using the provided SPL.,"The adversary advances the Reconnaissance phase using AI Model OSINT Collection. In a multi-agent banking environment, this targets public_model_card, github_repo, job_postings to achieve: Targeted attack planning using known vulnerabilities of identified model",CVSS 3.1 (Low): Targeted attack planning using known vulnerabilities of identified model,"Establish scope: `acme_genai_index` technique_id=AML.T0005 over your investigation window. || Pivot entities: | stats count values(incident_id) as incidents by agent.id, session_id. || Validate detection signal: search for 'model_identifier_in_public_leak' in raw events. || Control efficacy: filter defenseclaw_action=ALERT and codeguard_blocked. || Chain context: correlate incident_id and parent_trace_id with kill-chain timeline dashboard. || Framework mapping: | lookup acme_framework_lookup technique_id OUTPUT owasp_llm, nist_ai_rmf, severity. || Close loop: document observed vs expected stage in acme_kill_chain_stages_lookup for chain exercises.","`acme_genai_index` technique_id=""AML.T0005"""
AML.T0010,Obtain Capabilities: AI Tools,Initial Access,InitialAccess,HYBRID,acme-agent-docingest-002,,false,Medium,6.0,,Teach practitioners how Obtain Capabilities: AI Tools manifests in agentic banking workflows. Map to OWASP N/A and hunt using the provided SPL.,"The adversary advances the InitialAccess phase using Obtain Capabilities: AI Tools. In a multi-agent banking environment, this targets model_registry, training_pipeline, developer_tools to achieve: Establishes foothold in AI development pipeline via compromised tooling",CVSS 6.0 (Medium): Establishes foothold in AI development pipeline via compromised tooling,"Establish scope: `acme_genai_index` technique_id=AML.T0010 over your investigation window. || Pivot entities: | stats count values(incident_id) as incidents by agent.id, session_id. || Validate detection signal: search for 'unsigned_model_artifact_loaded' in raw events. || Control efficacy: filter defenseclaw_action=HARD_DENY and codeguard_blocked. || Chain context: correlate incident_id and parent_trace_id with kill-chain timeline dashboard. || Framework mapping: | lookup acme_framework_lookup technique_id OUTPUT owasp_llm, nist_ai_rmf, severity. || Close loop: document observed vs expected stage in acme_kill_chain_stages_lookup for chain exercises.","`acme_genai_index` technique_id=""AML.T0010"" agent.aibom_validated=""false"""
AML.T0012,Valid ML Service Credential Abuse,Initial Access,InitialAccess,HYBRID,acme-agent-docingest-002,,false,High,8.1,LLM08,Teach practitioners how Valid ML Service Credential Abuse manifests in agentic banking workflows. Map to OWASP LLM08 and hunt using the provided SPL.,"The adversary advances the InitialAccess phase using Valid ML Service Credential Abuse. In a multi-agent banking environment, this targets api_key_store, oauth_provider, model_api to achieve: Unauthorized model access; potential for training data extraction or model abuse at victim's cost",CVSS 8.1 (High): Unauthorized model access; potential for training data extraction or model abuse at victim's cost,"Establish scope: `acme_genai_index` technique_id=AML.T0012 over your investigation window. || Pivot entities: | stats count values(incident_id) as incidents by agent.id, session_id. || Validate detection signal: search for 'api_key_used_from_anomalous_ip' in raw events. || Control efficacy: filter defenseclaw_action=ALERT and codeguard_blocked. || Chain context: correlate incident_id and parent_trace_id with kill-chain timeline dashboard. || Framework mapping: | lookup acme_framework_lookup technique_id OUTPUT owasp_llm, nist_ai_rmf, severity. || Close loop: document observed vs expected stage in acme_kill_chain_stages_lookup for chain exercises.","`acme_genai_index` technique_id=""AML.T0012"" | stats dc(source_ip) as unique_ips by api_key | where unique_ips > 3"
AML.T0048,AI System Supply Chain Compromise,Initial Access,InitialAccess,LIVE,acme-agent-docingest-002,3,true,Critical,9.1,LLM05,Teach practitioners how AI System Supply Chain Compromise manifests in agentic banking workflows. Map to OWASP LLM05 and hunt using the provided SPL.,"The adversary advances the InitialAccess phase using AI System Supply Chain Compromise. In a multi-agent banking environment, this targets training_dataset, base_model, ml_library, plugin_registry to achieve: Persistent backdoor in production AI system from trusted supply chain source",CVSS 9.1 (Critical): Persistent backdoor in production AI system from trusted supply chain source,"Establish scope: `acme_genai_index` technique_id=AML.T0048 over your investigation window. || Pivot entities: | stats count values(incident_id) as incidents by agent.id, session_id. || Validate detection signal: search for 'model_hash_mismatch_vs_aibom_baseline' in raw events. || Control efficacy: filter defenseclaw_action=HARD_DENY and codeguard_blocked. || Chain context: correlate incident_id and parent_trace_id with kill-chain timeline dashboard. || Framework mapping: | lookup acme_framework_lookup technique_id OUTPUT owasp_llm, nist_ai_rmf, severity. || Close loop: document observed vs expected stage in acme_kill_chain_stages_lookup for chain exercises.","`acme_genai_index` technique_id=""AML.T0048"" cisco_aibom_status=""HASH_MISMATCH"""
AML.T0049,Publish Poisoned AI Agent Tool,Initial Access,InitialAccess,HYBRID,acme-agent-docingest-002,,false,Critical,8.8,,Teach practitioners how Publish Poisoned AI Agent Tool manifests in agentic banking workflows. Map to OWASP N/A and hunt using the provided SPL.,"The adversary advances the InitialAccess phase using Publish Poisoned AI Agent Tool. In a multi-agent banking environment, this targets mcp_tool_registry, plugin_marketplace, agent_tool_scope to achieve: Persistent RCE within agent tool sandbox; data exfiltration capability",CVSS 8.8 (Critical): Persistent RCE within agent tool sandbox; data exfiltration capability,"Establish scope: `acme_genai_index` technique_id=AML.T0049 over your investigation window. || Pivot entities: | stats count values(incident_id) as incidents by agent.id, session_id. || Validate detection signal: search for 'mcp_tool_invoked_not_in_approved_allowlist' in raw events. || Control efficacy: filter defenseclaw_action=HARD_DENY and codeguard_blocked. || Chain context: correlate incident_id and parent_trace_id with kill-chain timeline dashboard. || Framework mapping: | lookup acme_framework_lookup technique_id OUTPUT owasp_llm, nist_ai_rmf, severity. || Close loop: document observed vs expected stage in acme_kill_chain_stages_lookup for chain exercises.","`acme_genai_index` technique_id=""AML.T0049"" defenseclaw_action=""HARD_DENY"""
AML.T0017,Develop Adversarial Examples,Resource Development,ResourceDevelopment,SIMULATED,acme-agent-docingest-002,,false,High,6.5,LLM01,Teach practitioners how Develop Adversarial Examples manifests in agentic banking workflows. Map to OWASP LLM01 and hunt using the provided SPL.,"The adversary advances the ResourceDevelopment phase using Develop Adversarial Examples. In a multi-agent banking environment, this targets model_inference, guardrail_layer to achieve: Prepared attack payload for injection; bypasses model safety training",CVSS 6.5 (High): Prepared attack payload for injection; bypasses model safety training,"Establish scope: `acme_genai_index` technique_id=AML.T0017 over your investigation window. || Pivot entities: | stats count values(incident_id) as incidents by agent.id, session_id. || Validate detection signal: search for 'galileo_adversarial_input_flagged' in raw events. || Control efficacy: filter defenseclaw_action=ALERT and codeguard_blocked. || Chain context: correlate incident_id and parent_trace_id with kill-chain timeline dashboard. || Framework mapping: | lookup acme_framework_lookup technique_id OUTPUT owasp_llm, nist_ai_rmf, severity. || Close loop: document observed vs expected stage in acme_kill_chain_stages_lookup for chain exercises.","`acme_genai_index` technique_id=""AML.T0017"" galileo_validation=""ADVERSARIAL_INPUT_DETECTED"""
AML.T0018,Poison Training Data,Resource Development,ResourceDevelopment,SIMULATED,acme-agent-docingest-002,,false,Critical,9.0,LLM03,Teach practitioners how Poison Training Data manifests in agentic banking workflows. Map to OWASP LLM03 and hunt using the provided SPL.,"The adversary advances the ResourceDevelopment phase using Poison Training Data. In a multi-agent banking environment, this targets training_dataset, fine_tuning_pipeline, model_weights to achieve: Persistent backdoor in model weights; survives retraining if poison samples remain",CVSS 9.0 (Critical): Persistent backdoor in model weights; survives retraining if poison samples remain,"Establish scope: `acme_genai_index` technique_id=AML.T0018 over your investigation window. || Pivot entities: | stats count values(incident_id) as incidents by agent.id, session_id. || Validate detection signal: search for 'training_data_anomaly_score_elevated' in raw events. || Control efficacy: filter defenseclaw_action=ALERT and codeguard_blocked. || Chain context: correlate incident_id and parent_trace_id with kill-chain timeline dashboard. || Framework mapping: | lookup acme_framework_lookup technique_id OUTPUT owasp_llm, nist_ai_rmf, severity. || Close loop: document observed vs expected stage in acme_kill_chain_stages_lookup for chain exercises.","`acme_genai_index` technique_id=""AML.T0018"""
AML.T0019,Establish ML Attack Infrastructure,ML Attack Staging,Staging,SIMULATED,acme-agent-intake-001,,false,Medium,5.5,,Teach practitioners how Establish ML Attack Infrastructure manifests in agentic banking workflows. Map to OWASP N/A and hunt using the provided SPL.,"The adversary advances the Staging phase using Establish ML Attack Infrastructure. In a multi-agent banking environment, this targets shadow_model, adversary_compute to achieve: Enables rapid offline iteration of attack techniques without triggering victim defences",CVSS 5.5 (Medium): Enables rapid offline iteration of attack techniques without triggering victim defences,"Establish scope: `acme_genai_index` technique_id=AML.T0019 over your investigation window. || Pivot entities: | stats count values(incident_id) as incidents by agent.id, session_id. || Validate detection signal: search for 'watermark_absent_from_model_output' in raw events. || Control efficacy: filter defenseclaw_action=ALERT and codeguard_blocked. || Chain context: correlate incident_id and parent_trace_id with kill-chain timeline dashboard. || Framework mapping: | lookup acme_framework_lookup technique_id OUTPUT owasp_llm, nist_ai_rmf, severity. || Close loop: document observed vs expected stage in acme_kill_chain_stages_lookup for chain exercises.","`acme_genai_index` technique_id=""AML.T0019"""
AML.T0020,Train Proxy Model,ML Attack Staging,Staging,SIMULATED,acme-agent-intake-001,,false,High,6.0,LLM10,Teach practitioners how Train Proxy Model manifests in agentic banking workflows. Map to OWASP LLM10 and hunt using the provided SPL.,"The adversary advances the Staging phase using Train Proxy Model. In a multi-agent banking environment, this targets inference_api, victim_model to achieve: Attacker gains a local copy of victim model's functional behaviour for unlimited offline attack development",CVSS 6.0 (High): Attacker gains a local copy of victim model's functional behaviour for unlimited offline attack development,"Establish scope: `acme_genai_index` technique_id=AML.T0020 over your investigation window. || Pivot entities: | stats count values(incident_id) as incidents by agent.id, session_id. || Validate detection signal: search for 'systematic_api_query_pattern_detected' in raw events. || Control efficacy: filter defenseclaw_action=RATE_LIMIT and codeguard_blocked. || Chain context: correlate incident_id and parent_trace_id with kill-chain timeline dashboard. || Framework mapping: | lookup acme_framework_lookup technique_id OUTPUT owasp_llm, nist_ai_rmf, severity. || Close loop: document observed vs expected stage in acme_kill_chain_stages_lookup for chain exercises.","`acme_genai_index` technique_id=""AML.T0020"" | bucket _time span=1h | stats count by agent.id | where count > 5000"
AML.T0051,LLM Prompt Injection,Execution,Execution,LIVE,acme-agent-creditrisk-003,1,true,Critical,9.3,LLM01,Teach practitioners how LLM Prompt Injection manifests in agentic banking workflows. Map to OWASP LLM01 and hunt using the provided SPL.,"The adversary advances the Execution phase using LLM Prompt Injection. In a multi-agent banking environment, this targets user_input, agent_context, tool_executor to achieve: Complete agent goal hijack; potential for unauthorised data access, financial transactions, or lateral movement","CVSS 9.3 (Critical): Complete agent goal hijack; potential for unauthorised data access, financial transactions, or lateral movement","Establish scope: `acme_genai_index` technique_id=AML.T0051 over your investigation window. || Pivot entities: | stats count values(incident_id) as incidents by agent.id, session_id. || Validate detection signal: search for 'prompt_injection_pattern_in_user_input' in raw events. || Control efficacy: filter defenseclaw_action=HARD_DENY and codeguard_blocked. || Chain context: correlate incident_id and parent_trace_id with kill-chain timeline dashboard. || Framework mapping: | lookup acme_framework_lookup technique_id OUTPUT owasp_llm, nist_ai_rmf, severity. || Close loop: document observed vs expected stage in acme_kill_chain_stages_lookup for chain exercises.","`acme_genai_index` (technique_id=""AML.T0051"" OR subtechnique_id=""AML.T0051.000"") defenseclaw_action=""HARD_DENY"""
AML.T0054,Indirect Prompt Injection,Execution,Execution,LIVE,acme-agent-intake-001,4,true,Critical,9.0,LLM01,Teach practitioners how Indirect Prompt Injection manifests in agentic banking workflows. Map to OWASP LLM01 and hunt using the provided SPL.,"The adversary advances the Execution phase using Indirect Prompt Injection. In a multi-agent banking environment, this targets rag_retrieval, web_browser_tool, document_reader, email_integration to achieve: Persistent agent compromise via retrieval; exfiltration of context data to attacker-controlled server",CVSS 9.0 (Critical): Persistent agent compromise via retrieval; exfiltration of context data to attacker-controlled server,"Establish scope: `acme_genai_index` technique_id=AML.T0054 over your investigation window. || Pivot entities: | stats count values(incident_id) as incidents by agent.id, session_id. || Validate detection signal: search for 'agent_action_triggered_by_retrieved_content' in raw events. || Control efficacy: filter defenseclaw_action=HARD_DENY and codeguard_blocked. || Chain context: correlate incident_id and parent_trace_id with kill-chain timeline dashboard. || Framework mapping: | lookup acme_framework_lookup technique_id OUTPUT owasp_llm, nist_ai_rmf, severity. || Close loop: document observed vs expected stage in acme_kill_chain_stages_lookup for chain exercises.","`acme_genai_index` technique_id=""AML.T0054"" injection_vector=""retrieved_content"""
AML.T0055,AI Context Window Poisoning,Execution,Execution,LIVE,acme-agent-intake-001,,false,High,8.5,LLM01,Teach practitioners how AI Context Window Poisoning manifests in agentic banking workflows. Map to OWASP LLM01 and hunt using the provided SPL.,"The adversary advances the Execution phase using AI Context Window Poisoning. In a multi-agent banking environment, this targets context_window, agent_memory, conversation_history to achieve: Persistent cross-session behavioural manipulation; all future agent decisions corrupted",CVSS 8.5 (High): Persistent cross-session behavioural manipulation; all future agent decisions corrupted,"Establish scope: `acme_genai_index` technique_id=AML.T0055 over your investigation window. || Pivot entities: | stats count values(incident_id) as incidents by agent.id, session_id. || Validate detection signal: search for 'context_hash_drift_from_approved_baseline' in raw events. || Control efficacy: filter defenseclaw_action=ALERT and codeguard_blocked. || Chain context: correlate incident_id and parent_trace_id with kill-chain timeline dashboard. || Framework mapping: | lookup acme_framework_lookup technique_id OUTPUT owasp_llm, nist_ai_rmf, severity. || Close loop: document observed vs expected stage in acme_kill_chain_stages_lookup for chain exercises.","`acme_genai_index` technique_id=""AML.T0055"" event_type=""CONTEXT_WINDOW_POISONING_DETECTED"""
AML.T0056,AI Agent Memory Manipulation,Execution,Execution,LIVE,acme-agent-intake-001,,false,High,8.0,,Teach practitioners how AI Agent Memory Manipulation manifests in agentic banking workflows. Map to OWASP N/A and hunt using the provided SPL.,"The adversary advances the Execution phase using AI Agent Memory Manipulation. In a multi-agent banking environment, this targets agent_memory_store, vector_db, kv_store to achieve: Cross-session persistent compromise; affects all future users of the same agent",CVSS 8.0 (High): Cross-session persistent compromise; affects all future users of the same agent,"Establish scope: `acme_genai_index` technique_id=AML.T0056 over your investigation window. || Pivot entities: | stats count values(incident_id) as incidents by agent.id, session_id. || Validate detection signal: search for 'memory_write_from_untrusted_source' in raw events. || Control efficacy: filter defenseclaw_action=ALERT and codeguard_blocked. || Chain context: correlate incident_id and parent_trace_id with kill-chain timeline dashboard. || Framework mapping: | lookup acme_framework_lookup technique_id OUTPUT owasp_llm, nist_ai_rmf, severity. || Close loop: document observed vs expected stage in acme_kill_chain_stages_lookup for chain exercises.","`acme_genai_index` technique_id=""AML.T0056"""
AML.T0057,AI Agent Thread Hijacking,Execution,Execution,LIVE,acme-agent-intake-001,,false,High,8.3,,Teach practitioners how AI Agent Thread Hijacking manifests in agentic banking workflows. Map to OWASP N/A and hunt using the provided SPL.,"The adversary advances the Execution phase using AI Agent Thread Hijacking. In a multi-agent banking environment, this targets conversation_thread, multi_turn_context to achieve: Multi-turn conversation manipulation enabling complex social engineering or data extraction",CVSS 8.3 (High): Multi-turn conversation manipulation enabling complex social engineering or data extraction,"Establish scope: `acme_genai_index` technique_id=AML.T0057 over your investigation window. || Pivot entities: | stats count values(incident_id) as incidents by agent.id, session_id. || Validate detection signal: search for 'conversation_intent_drift_detected' in raw events. || Control efficacy: filter defenseclaw_action=ALERT and codeguard_blocked. || Chain context: correlate incident_id and parent_trace_id with kill-chain timeline dashboard. || Framework mapping: | lookup acme_framework_lookup technique_id OUTPUT owasp_llm, nist_ai_rmf, severity. || Close loop: document observed vs expected stage in acme_kill_chain_stages_lookup for chain exercises.","`acme_genai_index` technique_id=""AML.T0057"""
AML.T0040,Resource Exhaustion via Algorithmic Complexity,Execution,Execution,LIVE,acme-agent-creditrisk-003,6,true,High,7.5,LLM10,Teach practitioners how Resource Exhaustion via Algorithmic Complexity manifests in agentic banking workflows. Map to OWASP LLM10 and hunt using the provided SPL.,"The adversary advances the Execution phase using Resource Exhaustion via Algorithmic Complexity. In a multi-agent banking environment, this targets agent_orchestrator, tool_executor, api_quota to achieve: Financial drain via API cost explosion; service denial for legitimate users",CVSS 7.5 (High): Financial drain via API cost explosion; service denial for legitimate users,"Establish scope: `acme_genai_index` technique_id=AML.T0040 over your investigation window. || Pivot entities: | stats count values(incident_id) as incidents by agent.id, session_id. || Validate detection signal: search for 'recursive_call_depth_exceeds_threshold' in raw events. || Control efficacy: filter defenseclaw_action=RATE_LIMIT and codeguard_blocked. || Chain context: correlate incident_id and parent_trace_id with kill-chain timeline dashboard. || Framework mapping: | lookup acme_framework_lookup technique_id OUTPUT owasp_llm, nist_ai_rmf, severity. || Close loop: document observed vs expected stage in acme_kill_chain_stages_lookup for chain exercises.","`acme_genai_index` technique_id=""AML.T0040"" call_depth_detected > 10"
AML.T0024,Exfiltrate Training Data via ML API,Persistence,Persistence,HYBRID,acme-agent-creditrisk-003,,false,High,7.7,LLM02,Teach practitioners how Exfiltrate Training Data via ML API manifests in agentic banking workflows. Map to OWASP LLM02 and hunt using the provided SPL.,"The adversary advances the Persistence phase using Exfiltrate Training Data via ML API. In a multi-agent banking environment, this targets model_inference, training_data to achieve: Training data privacy breach; regulatory liability under GDPR, CCPA","CVSS 7.7 (High): Training data privacy breach; regulatory liability under GDPR, CCPA","Establish scope: `acme_genai_index` technique_id=AML.T0024 over your investigation window. || Pivot entities: | stats count values(incident_id) as incidents by agent.id, session_id. || Validate detection signal: search for 'model_output_matches_training_data_pattern' in raw events. || Control efficacy: filter defenseclaw_action=ALERT and codeguard_blocked. || Chain context: correlate incident_id and parent_trace_id with kill-chain timeline dashboard. || Framework mapping: | lookup acme_framework_lookup technique_id OUTPUT owasp_llm, nist_ai_rmf, severity. || Close loop: document observed vs expected stage in acme_kill_chain_stages_lookup for chain exercises.","`acme_genai_index` technique_id=""AML.T0024"" pii_detected=""true"""
AML.T0025,AI Model Backdoor Persistence,Persistence,Persistence,HYBRID,acme-agent-creditrisk-003,,false,Critical,9.5,LLM03,Teach practitioners how AI Model Backdoor Persistence manifests in agentic banking workflows. Map to OWASP LLM03 and hunt using the provided SPL.,"The adversary advances the Persistence phase using AI Model Backdoor Persistence. In a multi-agent banking environment, this targets model_weights, fine_tuning_pipeline to achieve: Persistent, stealthy model compromise surviving standard evaluation; catastrophic when triggered in production","CVSS 9.5 (Critical): Persistent, stealthy model compromise surviving standard evaluation; catastrophic when triggered in production","Establish scope: `acme_genai_index` technique_id=AML.T0025 over your investigation window. || Pivot entities: | stats count values(incident_id) as incidents by agent.id, session_id. || Validate detection signal: search for 'model_behavior_anomaly_on_specific_input_pattern' in raw events. || Control efficacy: filter defenseclaw_action=HARD_DENY and codeguard_blocked. || Chain context: correlate incident_id and parent_trace_id with kill-chain timeline dashboard. || Framework mapping: | lookup acme_framework_lookup technique_id OUTPUT owasp_llm, nist_ai_rmf, severity. || Close loop: document observed vs expected stage in acme_kill_chain_stages_lookup for chain exercises.","`acme_genai_index` technique_id=""AML.T0025"""
AML.T0026,Rogue Agent Persistence,Persistence,Persistence,LIVE,acme-agent-intake-001,10,true,Critical,9.0,,Teach practitioners how Rogue Agent Persistence manifests in agentic banking workflows. Map to OWASP N/A and hunt using the provided SPL.,"The adversary advances the Persistence phase using Rogue Agent Persistence. In a multi-agent banking environment, this targets agent_runtime, monitoring_system, orchestrator to achieve: Persistent autonomous attacker operating inside trusted agent infrastructure",CVSS 9.0 (Critical): Persistent autonomous attacker operating inside trusted agent infrastructure,"Establish scope: `acme_genai_index` technique_id=AML.T0026 over your investigation window. || Pivot entities: | stats count values(incident_id) as incidents by agent.id, session_id. || Validate detection signal: search for 'agent_behavior_diverges_from_approved_policy' in raw events. || Control efficacy: filter defenseclaw_action=QUARANTINE and codeguard_blocked. || Chain context: correlate incident_id and parent_trace_id with kill-chain timeline dashboard. || Framework mapping: | lookup acme_framework_lookup technique_id OUTPUT owasp_llm, nist_ai_rmf, severity. || Close loop: document observed vs expected stage in acme_kill_chain_stages_lookup for chain exercises.","`acme_genai_index` technique_id=""AML.T0026"" event_type=""ROGUE_AGENT_DETECTED"""
AML.T0015,Evade ML Model via Adversarial Perturbation,Defence Evasion,DefenceEvasion,LIVE,acme-agent-compliance-004,,false,High,7.2,LLM01,Teach practitioners how Evade ML Model via Adversarial Perturbation manifests in agentic banking workflows. Map to OWASP LLM01 and hunt using the provided SPL.,"The adversary advances the DefenceEvasion phase using Evade ML Model via Adversarial Perturbation. In a multi-agent banking environment, this targets safety_classifier, input_filter, guardrail_layer to achieve: Guardrail bypass enabling injection of content that would otherwise be blocked",CVSS 7.2 (High): Guardrail bypass enabling injection of content that would otherwise be blocked,"Establish scope: `acme_genai_index` technique_id=AML.T0015 over your investigation window. || Pivot entities: | stats count values(incident_id) as incidents by agent.id, session_id. || Validate detection signal: search for 'homoglyph_or_encoding_anomaly_in_input' in raw events. || Control efficacy: filter defenseclaw_action=HARD_DENY and codeguard_blocked. || Chain context: correlate incident_id and parent_trace_id with kill-chain timeline dashboard. || Framework mapping: | lookup acme_framework_lookup technique_id OUTPUT owasp_llm, nist_ai_rmf, severity. || Close loop: document observed vs expected stage in acme_kill_chain_stages_lookup for chain exercises.","`acme_genai_index` technique_id=""AML.T0015"""
AML.T0016,Obtain Limited ML Model Feedback,Defence Evasion,DefenceEvasion,LIVE,acme-agent-compliance-004,,false,Medium,5.0,LLM01,Teach practitioners how Obtain Limited ML Model Feedback manifests in agentic banking workflows. Map to OWASP LLM01 and hunt using the provided SPL.,"The adversary advances the DefenceEvasion phase using Obtain Limited ML Model Feedback. In a multi-agent banking environment, this targets safety_classifier, api_response to achieve: Enables precise evasion payload crafting against an opaque safety classifier",CVSS 5.0 (Medium): Enables precise evasion payload crafting against an opaque safety classifier,"Establish scope: `acme_genai_index` technique_id=AML.T0016 over your investigation window. || Pivot entities: | stats count values(incident_id) as incidents by agent.id, session_id. || Validate detection signal: search for 'systematic_edge_case_probing_pattern' in raw events. || Control efficacy: filter defenseclaw_action=RATE_LIMIT and codeguard_blocked. || Chain context: correlate incident_id and parent_trace_id with kill-chain timeline dashboard. || Framework mapping: | lookup acme_framework_lookup technique_id OUTPUT owasp_llm, nist_ai_rmf, severity. || Close loop: document observed vs expected stage in acme_kill_chain_stages_lookup for chain exercises.","`acme_genai_index` technique_id=""AML.T0016"""
AML.T0052,AI Audit Log Manipulation,Defence Evasion,DefenceEvasion,LIVE,acme-agent-compliance-004,9,true,High,8.4,,Teach practitioners how AI Audit Log Manipulation manifests in agentic banking workflows. Map to OWASP N/A and hunt using the provided SPL.,"The adversary advances the DefenceEvasion phase using AI Audit Log Manipulation. In a multi-agent banking environment, this targets audit_log, otel_pipeline, siem_index to achieve: Invisible attack chain; forensic investigation impossible after incident",CVSS 8.4 (High): Invisible attack chain; forensic investigation impossible after incident,"Establish scope: `acme_genai_index` technique_id=AML.T0052 over your investigation window. || Pivot entities: | stats count values(incident_id) as incidents by agent.id, session_id. || Validate detection signal: search for 'otel_log_gap_detected_in_continuous_stream' in raw events. || Control efficacy: filter defenseclaw_action=ALERT and codeguard_blocked. || Chain context: correlate incident_id and parent_trace_id with kill-chain timeline dashboard. || Framework mapping: | lookup acme_framework_lookup technique_id OUTPUT owasp_llm, nist_ai_rmf, severity. || Close loop: document observed vs expected stage in acme_kill_chain_stages_lookup for chain exercises.","`acme_genai_index` technique_id=""AML.T0052"" | timechart count span=1m | where count=0"
AML.T0037,AI Data Discovery via Retrieval Probing,Discovery,Discovery,LIVE,acme-agent-docingest-002,,false,High,7.4,LLM02,Teach practitioners how AI Data Discovery via Retrieval Probing manifests in agentic banking workflows. Map to OWASP LLM02 and hunt using the provided SPL.,"The adversary advances the Discovery phase using AI Data Discovery via Retrieval Probing. In a multi-agent banking environment, this targets vector_db, rag_retrieval, knowledge_base to achieve: Complete inventory of proprietary knowledge base accessible to the agent",CVSS 7.4 (High): Complete inventory of proprietary knowledge base accessible to the agent,"Establish scope: `acme_genai_index` technique_id=AML.T0037 over your investigation window. || Pivot entities: | stats count values(incident_id) as incidents by agent.id, session_id. || Validate detection signal: search for 'vector_retrieval_rate_anomaly' in raw events. || Control efficacy: filter defenseclaw_action=RATE_LIMIT and codeguard_blocked. || Chain context: correlate incident_id and parent_trace_id with kill-chain timeline dashboard. || Framework mapping: | lookup acme_framework_lookup technique_id OUTPUT owasp_llm, nist_ai_rmf, severity. || Close loop: document observed vs expected stage in acme_kill_chain_stages_lookup for chain exercises.","`acme_genai_index` technique_id=""AML.T0037"" galileo_observe_alert=""true"""
AML.T0038,Vector Database Exfiltration,Discovery,Discovery,LIVE,acme-agent-docingest-002,8,true,Critical,8.8,LLM02,Teach practitioners how Vector Database Exfiltration manifests in agentic banking workflows. Map to OWASP LLM02 and hunt using the provided SPL.,"The adversary advances the Discovery phase using Vector Database Exfiltration. In a multi-agent banking environment, this targets vector_db, embedding_model, knowledge_base to achieve: Full proprietary knowledge base exfiltrated; IP and confidential data at risk",CVSS 8.8 (Critical): Full proprietary knowledge base exfiltrated; IP and confidential data at risk,"Establish scope: `acme_genai_index` technique_id=AML.T0038 over your investigation window. || Pivot entities: | stats count values(incident_id) as incidents by agent.id, session_id. || Validate detection signal: search for 'vector_retrieval_volume_anomaly_70x_baseline' in raw events. || Control efficacy: filter defenseclaw_action=QUARANTINE and codeguard_blocked. || Chain context: correlate incident_id and parent_trace_id with kill-chain timeline dashboard. || Framework mapping: | lookup acme_framework_lookup technique_id OUTPUT owasp_llm, nist_ai_rmf, severity. || Close loop: document observed vs expected stage in acme_kill_chain_stages_lookup for chain exercises.","`acme_genai_index` technique_id=""AML.T0038"" galileo_anomaly_score > 0.9"
AML.T0043,AI Tool Schema Discovery,Discovery,Discovery,LIVE,acme-agent-intake-001,2,true,Medium,5.8,,Teach practitioners how AI Tool Schema Discovery manifests in agentic banking workflows. Map to OWASP N/A and hunt using the provided SPL.,"The adversary advances the Discovery phase using AI Tool Schema Discovery. In a multi-agent banking environment, this targets mcp_tool_schema, function_call_spec, agent_capabilities to achieve: Complete tool capability map enabling targeted tool abuse and privilege escalation",CVSS 5.8 (Medium): Complete tool capability map enabling targeted tool abuse and privilege escalation,"Establish scope: `acme_genai_index` technique_id=AML.T0043 over your investigation window. || Pivot entities: | stats count values(incident_id) as incidents by agent.id, session_id. || Validate detection signal: search for 'tool_schema_enumeration_detected' in raw events. || Control efficacy: filter defenseclaw_action=ALERT and codeguard_blocked. || Chain context: correlate incident_id and parent_trace_id with kill-chain timeline dashboard. || Framework mapping: | lookup acme_framework_lookup technique_id OUTPUT owasp_llm, nist_ai_rmf, severity. || Close loop: document observed vs expected stage in acme_kill_chain_stages_lookup for chain exercises.","`acme_genai_index` technique_id=""AML.T0043"""
AML.T0035,Data from Local AI System,Collection,Collection,LIVE,acme-agent-docingest-002,,false,High,7.8,LLM02,Teach practitioners how Data from Local AI System manifests in agentic banking workflows. Map to OWASP LLM02 and hunt using the provided SPL.,"The adversary advances the Collection phase using Data from Local AI System. In a multi-agent banking environment, this targets local_cache, conversation_log, embedding_store to achieve: PII, trade secrets, and user conversation data exfiltrated from local storage","CVSS 7.8 (High): PII, trade secrets, and user conversation data exfiltrated from local storage","Establish scope: `acme_genai_index` technique_id=AML.T0035 over your investigation window. || Pivot entities: | stats count values(incident_id) as incidents by agent.id, session_id. || Validate detection signal: search for 'local_ai_data_read_by_unexpected_process' in raw events. || Control efficacy: filter defenseclaw_action=ALERT and codeguard_blocked. || Chain context: correlate incident_id and parent_trace_id with kill-chain timeline dashboard. || Framework mapping: | lookup acme_framework_lookup technique_id OUTPUT owasp_llm, nist_ai_rmf, severity. || Close loop: document observed vs expected stage in acme_kill_chain_stages_lookup for chain exercises.","`acme_genai_index` technique_id=""AML.T0035"""
AML.T0036,Data from AI-integrated Systems,Collection,Collection,LIVE,acme-agent-docingest-002,,false,High,8.2,LLM02,Teach practitioners how Data from AI-integrated Systems manifests in agentic banking workflows. Map to OWASP LLM02 and hunt using the provided SPL.,"The adversary advances the Collection phase using Data from AI-integrated Systems. In a multi-agent banking environment, this targets crm_integration, email_tool, erp_connector, database_tool to achieve: Bulk data theft from integrated enterprise systems using agent's legitimate credentials",CVSS 8.2 (High): Bulk data theft from integrated enterprise systems using agent's legitimate credentials,"Establish scope: `acme_genai_index` technique_id=AML.T0036 over your investigation window. || Pivot entities: | stats count values(incident_id) as incidents by agent.id, session_id. || Validate detection signal: search for 'bulk_data_collection_via_agent_tool' in raw events. || Control efficacy: filter defenseclaw_action=HARD_DENY and codeguard_blocked. || Chain context: correlate incident_id and parent_trace_id with kill-chain timeline dashboard. || Framework mapping: | lookup acme_framework_lookup technique_id OUTPUT owasp_llm, nist_ai_rmf, severity. || Close loop: document observed vs expected stage in acme_kill_chain_stages_lookup for chain exercises.","`acme_genai_index` technique_id=""AML.T0036"" | stats sum(records_accessed) by agent.id | where sum > 1000"
AML.T0030,Exfiltrate AI Model via Covert Channel,Exfiltration,Exfiltration,LIVE,acme-agent-docingest-002,,false,High,8.5,LLM02,Teach practitioners how Exfiltrate AI Model via Covert Channel manifests in agentic banking workflows. Map to OWASP LLM02 and hunt using the provided SPL.,"The adversary advances the Exfiltration phase using Exfiltrate AI Model via Covert Channel. In a multi-agent banking environment, this targets model_weights, api_response, network_channel to achieve: Full model theft; attacker can run unlimited local inference without API costs",CVSS 8.5 (High): Full model theft; attacker can run unlimited local inference without API costs,"Establish scope: `acme_genai_index` technique_id=AML.T0030 over your investigation window. || Pivot entities: | stats count values(incident_id) as incidents by agent.id, session_id. || Validate detection signal: search for 'unusual_outbound_data_from_model_server' in raw events. || Control efficacy: filter defenseclaw_action=ALERT and codeguard_blocked. || Chain context: correlate incident_id and parent_trace_id with kill-chain timeline dashboard. || Framework mapping: | lookup acme_framework_lookup technique_id OUTPUT owasp_llm, nist_ai_rmf, severity. || Close loop: document observed vs expected stage in acme_kill_chain_stages_lookup for chain exercises.","`acme_genai_index` technique_id=""AML.T0030"""
AML.T0031,Exfiltrate Data via AI Model Output,Exfiltration,Exfiltration,LIVE,acme-agent-docingest-002,,false,Critical,8.8,LLM02,Teach practitioners how Exfiltrate Data via AI Model Output manifests in agentic banking workflows. Map to OWASP LLM02 and hunt using the provided SPL.,"The adversary advances the Exfiltration phase using Exfiltrate Data via AI Model Output. In a multi-agent banking environment, this targets model_output, markdown_renderer, browser_tool to achieve: Automatic exfiltration of context data to attacker server triggered by model output rendering",CVSS 8.8 (Critical): Automatic exfiltration of context data to attacker server triggered by model output rendering,"Establish scope: `acme_genai_index` technique_id=AML.T0031 over your investigation window. || Pivot entities: | stats count values(incident_id) as incidents by agent.id, session_id. || Validate detection signal: search for 'outbound_url_in_model_output_to_unknown_domain' in raw events. || Control efficacy: filter defenseclaw_action=HARD_DENY and codeguard_blocked. || Chain context: correlate incident_id and parent_trace_id with kill-chain timeline dashboard. || Framework mapping: | lookup acme_framework_lookup technique_id OUTPUT owasp_llm, nist_ai_rmf, severity. || Close loop: document observed vs expected stage in acme_kill_chain_stages_lookup for chain exercises.","`acme_genai_index` technique_id=""AML.T0031"" exfil_url_detected=""true"""
AML.T0029,AI System Availability Disruption,Impact,Impact,HYBRID,acme-agent-creditrisk-003,,false,High,7.5,LLM04,Teach practitioners how AI System Availability Disruption manifests in agentic banking workflows. Map to OWASP LLM04 and hunt using the provided SPL.,"The adversary advances the Impact phase using AI System Availability Disruption. In a multi-agent banking environment, this targets agent_orchestrator, compute_pool, rate_limiter to achieve: AI service unavailability; financial loss from SLA breach; cascading failure in dependent business processes",CVSS 7.5 (High): AI service unavailability; financial loss from SLA breach; cascading failure in dependent business processes,"Establish scope: `acme_genai_index` technique_id=AML.T0029 over your investigation window. || Pivot entities: | stats count values(incident_id) as incidents by agent.id, session_id. || Validate detection signal: search for 'agent_service_latency_spike_and_error_rate_elevation' in raw events. || Control efficacy: filter defenseclaw_action=RATE_LIMIT and codeguard_blocked. || Chain context: correlate incident_id and parent_trace_id with kill-chain timeline dashboard. || Framework mapping: | lookup acme_framework_lookup technique_id OUTPUT owasp_llm, nist_ai_rmf, severity. || Close loop: document observed vs expected stage in acme_kill_chain_stages_lookup for chain exercises.","`acme_genai_index` technique_id=""AML.T0029"" | timechart avg(latency_ms) span=1m | where avg > 5000"
AML.T0034,AI Model Integrity Attack,Impact,Impact,HYBRID,acme-agent-creditrisk-003,,false,Critical,9.5,LLM03,Teach practitioners how AI Model Integrity Attack manifests in agentic banking workflows. Map to OWASP LLM03 and hunt using the provided SPL.,"The adversary advances the Impact phase using AI Model Integrity Attack. In a multi-agent banking environment, this targets model_weights, model_serving_layer, model_registry to achieve: Corrupted model making systematically wrong decisions at scale in production",CVSS 9.5 (Critical): Corrupted model making systematically wrong decisions at scale in production,"Establish scope: `acme_genai_index` technique_id=AML.T0034 over your investigation window. || Pivot entities: | stats count values(incident_id) as incidents by agent.id, session_id. || Validate detection signal: search for 'model_performance_degradation_and_hash_mismatch' in raw events. || Control efficacy: filter defenseclaw_action=HARD_DENY and codeguard_blocked. || Chain context: correlate incident_id and parent_trace_id with kill-chain timeline dashboard. || Framework mapping: | lookup acme_framework_lookup technique_id OUTPUT owasp_llm, nist_ai_rmf, severity. || Close loop: document observed vs expected stage in acme_kill_chain_stages_lookup for chain exercises.","`acme_genai_index` technique_id=""AML.T0034"" cisco_aibom_status=""HASH_MISMATCH"""
AML.T0050,AI Agent Privilege Escalation via Tool Abuse,Privilege Escalation,PrivilegeEscalation,LIVE,acme-agent-docingest-002,5,true,Critical,9.0,LLM06,Teach practitioners how AI Agent Privilege Escalation via Tool Abuse manifests in agentic banking workflows. Map to OWASP LLM06 and hunt using the provided SPL.,"The adversary advances the PrivilegeEscalation phase using AI Agent Privilege Escalation via Tool Abuse. In a multi-agent banking environment, this targets tool_executor, mcp_scope, api_gateway to achieve: Unauthorised execution of privileged operations: file writes, database mutations, financial transactions","CVSS 9.0 (Critical): Unauthorised execution of privileged operations: file writes, database mutations, financial transactions","Establish scope: `acme_genai_index` technique_id=AML.T0050 over your investigation window. || Pivot entities: | stats count values(incident_id) as incidents by agent.id, session_id. || Validate detection signal: search for 'tool_invoked_outside_approved_scope' in raw events. || Control efficacy: filter defenseclaw_action=HARD_DENY and codeguard_blocked. || Chain context: correlate incident_id and parent_trace_id with kill-chain timeline dashboard. || Framework mapping: | lookup acme_framework_lookup technique_id OUTPUT owasp_llm, nist_ai_rmf, severity. || Close loop: document observed vs expected stage in acme_kill_chain_stages_lookup for chain exercises.","`acme_genai_index` technique_id=""AML.T0050"" scope_violation=""true"""
AML.T0058,Agent Identity Spoofing for Privilege Escalation,Privilege Escalation,PrivilegeEscalation,LIVE,acme-agent-compliance-004,7,true,Critical,9.2,,Teach practitioners how Agent Identity Spoofing for Privilege Escalation manifests in agentic banking workflows. Map to OWASP N/A and hunt using the provided SPL.,"The adversary advances the PrivilegeEscalation phase using Agent Identity Spoofing for Privilege Escalation. In a multi-agent banking environment, this targets agent_identity, a2a_protocol, trust_chain, did_document to achieve: Unauthorised privilege escalation across the multi-agent trust chain",CVSS 9.2 (Critical): Unauthorised privilege escalation across the multi-agent trust chain,"Establish scope: `acme_genai_index` technique_id=AML.T0058 over your investigation window. || Pivot entities: | stats count values(incident_id) as incidents by agent.id, session_id. || Validate detection signal: search for 'did_signature_mismatch_on_agent_delegation' in raw events. || Control efficacy: filter defenseclaw_action=HARD_DENY and codeguard_blocked. || Chain context: correlate incident_id and parent_trace_id with kill-chain timeline dashboard. || Framework mapping: | lookup acme_framework_lookup technique_id OUTPUT owasp_llm, nist_ai_rmf, severity. || Close loop: document observed vs expected stage in acme_kill_chain_stages_lookup for chain exercises.","`acme_genai_index` technique_id=""AML.T0058"" cryptographic_passport_valid=""false"""
AML.T0045,Agent Session Smuggling,Lateral Movement,LateralMovement,LIVE,acme-agent-compliance-004,,false,Critical,8.6,,Teach practitioners how Agent Session Smuggling manifests in agentic banking workflows. Map to OWASP N/A and hunt using the provided SPL.,"The adversary advances the LateralMovement phase using Agent Session Smuggling. In a multi-agent banking environment, this targets a2a_protocol, agent_trust_chain, session_context to achieve: Full multi-agent topology compromise via trusted A2A channels",CVSS 8.6 (Critical): Full multi-agent topology compromise via trusted A2A channels,"Establish scope: `acme_genai_index` technique_id=AML.T0045 over your investigation window. || Pivot entities: | stats count values(incident_id) as incidents by agent.id, session_id. || Validate detection signal: search for 'a2a_session_integrity_check_failed' in raw events. || Control efficacy: filter defenseclaw_action=HARD_DENY and codeguard_blocked. || Chain context: correlate incident_id and parent_trace_id with kill-chain timeline dashboard. || Framework mapping: | lookup acme_framework_lookup technique_id OUTPUT owasp_llm, nist_ai_rmf, severity. || Close loop: document observed vs expected stage in acme_kill_chain_stages_lookup for chain exercises.","`acme_genai_index` technique_id=""AML.T0045"" event_type=""A2A_SESSION_SMUGGLING_DETECTED"""
AML.T0046,Inter-Agent Trust Chain Hijacking,Lateral Movement,LateralMovement,LIVE,acme-agent-compliance-004,,false,Critical,9.0,,Teach practitioners how Inter-Agent Trust Chain Hijacking manifests in agentic banking workflows. Map to OWASP N/A and hunt using the provided SPL.,"The adversary advances the LateralMovement phase using Inter-Agent Trust Chain Hijacking. In a multi-agent banking environment, this targets agent_orchestrator, delegation_chain, subagent_network to achieve: Cascading compromise of entire multi-agent workflow from a single compromised node",CVSS 9.0 (Critical): Cascading compromise of entire multi-agent workflow from a single compromised node,"Establish scope: `acme_genai_index` technique_id=AML.T0046 over your investigation window. || Pivot entities: | stats count values(incident_id) as incidents by agent.id, session_id. || Validate detection signal: search for 'trust_propagation_anomaly_in_agent_chain' in raw events. || Control efficacy: filter defenseclaw_action=QUARANTINE and codeguard_blocked. || Chain context: correlate incident_id and parent_trace_id with kill-chain timeline dashboard. || Framework mapping: | lookup acme_framework_lookup technique_id OUTPUT owasp_llm, nist_ai_rmf, severity. || Close loop: document observed vs expected stage in acme_kill_chain_stages_lookup for chain exercises.","`acme_genai_index` technique_id=""AML.T0046"""
AML.T0060,AI Agent C2 via Covert Prompt Channel,Command and Control,CommandAndControl,HYBRID,acme-agent-intake-001,,false,Critical,8.8,,Teach practitioners how AI Agent C2 via Covert Prompt Channel manifests in agentic banking workflows. Map to OWASP N/A and hunt using the provided SPL.,"The adversary advances the CommandAndControl phase using AI Agent C2 via Covert Prompt Channel. In a multi-agent banking environment, this targets agent_prompt_interface, model_output, tool_executor to achieve: Persistent C2 over a trusted AI channel, bypassing traditional network-based C2 detection","CVSS 8.8 (Critical): Persistent C2 over a trusted AI channel, bypassing traditional network-based C2 detection","Establish scope: `acme_genai_index` technique_id=AML.T0060 over your investigation window. || Pivot entities: | stats count values(incident_id) as incidents by agent.id, session_id. || Validate detection signal: search for 'encoded_instruction_pattern_in_agent_io' in raw events. || Control efficacy: filter defenseclaw_action=HARD_DENY and codeguard_blocked. || Chain context: correlate incident_id and parent_trace_id with kill-chain timeline dashboard. || Framework mapping: | lookup acme_framework_lookup technique_id OUTPUT owasp_llm, nist_ai_rmf, severity. || Close loop: document observed vs expected stage in acme_kill_chain_stages_lookup for chain exercises.","`acme_genai_index` technique_id=""AML.T0060"""
AML.T0061,Malicious AI Plugin as C2 Relay,Command and Control,CommandAndControl,HYBRID,acme-agent-intake-001,,false,High,8.5,,Teach practitioners how Malicious AI Plugin as C2 Relay manifests in agentic banking workflows. Map to OWASP N/A and hunt using the provided SPL.,"The adversary advances the CommandAndControl phase using Malicious AI Plugin as C2 Relay. In a multi-agent banking environment, this targets agent_plugin, mcp_tool, external_api to achieve: Full remote control of agent capabilities via a trusted-looking plugin",CVSS 8.5 (High): Full remote control of agent capabilities via a trusted-looking plugin,"Establish scope: `acme_genai_index` technique_id=AML.T0061 over your investigation window. || Pivot entities: | stats count values(incident_id) as incidents by agent.id, session_id. || Validate detection signal: search for 'tool_calling_unexpected_external_domain' in raw events. || Control efficacy: filter defenseclaw_action=HARD_DENY and codeguard_blocked. || Chain context: correlate incident_id and parent_trace_id with kill-chain timeline dashboard. || Framework mapping: | lookup acme_framework_lookup technique_id OUTPUT owasp_llm, nist_ai_rmf, severity. || Close loop: document observed vs expected stage in acme_kill_chain_stages_lookup for chain exercises.","`acme_genai_index` technique_id=""AML.T0061"""
AML.T0062,Credential Extraction via Agent Tool,Credential Access,CredentialAccess,HYBRID,acme-agent-intake-001,,false,Critical,9.1,LLM06,Teach practitioners how Credential Extraction via Agent Tool manifests in agentic banking workflows. Map to OWASP LLM06 and hunt using the provided SPL.,"The adversary advances the CredentialAccess phase using Credential Extraction via Agent Tool. In a multi-agent banking environment, this targets secret_store, env_config, password_manager_tool to achieve: Credential compromise enabling lateral movement beyond AI system to broader enterprise infrastructure",CVSS 9.1 (Critical): Credential compromise enabling lateral movement beyond AI system to broader enterprise infrastructure,"Establish scope: `acme_genai_index` technique_id=AML.T0062 over your investigation window. || Pivot entities: | stats count values(incident_id) as incidents by agent.id, session_id. || Validate detection signal: search for 'credential_store_accessed_by_agent' in raw events. || Control efficacy: filter defenseclaw_action=HARD_DENY and codeguard_blocked. || Chain context: correlate incident_id and parent_trace_id with kill-chain timeline dashboard. || Framework mapping: | lookup acme_framework_lookup technique_id OUTPUT owasp_llm, nist_ai_rmf, severity. || Close loop: document observed vs expected stage in acme_kill_chain_stages_lookup for chain exercises.","`acme_genai_index` technique_id=""AML.T0062"" tool_invoked=""read_secret"""
AML.T0063,AI-Assisted Phishing and Social Engineering,Credential Access,CredentialAccess,HYBRID,acme-agent-intake-001,,false,High,8.0,LLM09,Teach practitioners how AI-Assisted Phishing and Social Engineering manifests in agentic banking workflows. Map to OWASP LLM09 and hunt using the provided SPL.,"The adversary advances the CredentialAccess phase using AI-Assisted Phishing and Social Engineering. In a multi-agent banking environment, this targets agent_output, email_tool, human_operator to achieve: Human credential compromise at scale using AI-generated personalised content",CVSS 8.0 (High): Human credential compromise at scale using AI-generated personalised content,"Establish scope: `acme_genai_index` technique_id=AML.T0063 over your investigation window. || Pivot entities: | stats count values(incident_id) as incidents by agent.id, session_id. || Validate detection signal: search for 'agent_generating_credential_harvesting_content' in raw events. || Control efficacy: filter defenseclaw_action=HARD_DENY and codeguard_blocked. || Chain context: correlate incident_id and parent_trace_id with kill-chain timeline dashboard. || Framework mapping: | lookup acme_framework_lookup technique_id OUTPUT owasp_llm, nist_ai_rmf, severity. || Close loop: document observed vs expected stage in acme_kill_chain_stages_lookup for chain exercises.","`acme_genai_index` technique_id=""AML.T0063"""
AML.T0064,Container Escape via AI Code Execution,Escape to Host,Execution,LIVE,acme-agent-intake-001,,false,Critical,9.8,LLM06,Teach practitioners how Container Escape via AI Code Execution manifests in agentic banking workflows. Map to OWASP LLM06 and hunt using the provided SPL.,"The adversary advances the Execution phase using Container Escape via AI Code Execution. In a multi-agent banking environment, this targets code_execution_tool, container_runtime, host_os to achieve: Full host compromise; access to all co-resident AI workloads and infrastructure",CVSS 9.8 (Critical): Full host compromise; access to all co-resident AI workloads and infrastructure,"Establish scope: `acme_genai_index` technique_id=AML.T0064 over your investigation window. || Pivot entities: | stats count values(incident_id) as incidents by agent.id, session_id. || Validate detection signal: search for 'agent_code_execution_accesses_host_namespace' in raw events. || Control efficacy: filter defenseclaw_action=HARD_DENY and codeguard_blocked. || Chain context: correlate incident_id and parent_trace_id with kill-chain timeline dashboard. || Framework mapping: | lookup acme_framework_lookup technique_id OUTPUT owasp_llm, nist_ai_rmf, severity. || Close loop: document observed vs expected stage in acme_kill_chain_stages_lookup for chain exercises.","`acme_genai_index` technique_id=""AML.T0064"" rce_payload_detected=""true"""
AML.T0065,SSRF via AI Agent Tool,Escape to Host,Execution,LIVE,acme-agent-intake-001,,false,High,8.6,LLM01,Teach practitioners how SSRF via AI Agent Tool manifests in agentic banking workflows. Map to OWASP LLM01 and hunt using the provided SPL.,"The adversary advances the Execution phase using SSRF via AI Agent Tool. In a multi-agent banking environment, this targets web_tool, http_client_tool, cloud_metadata_endpoint to achieve: Cloud credential theft; access to EC2/GCP/Azure metadata including IAM tokens",CVSS 8.6 (High): Cloud credential theft; access to EC2/GCP/Azure metadata including IAM tokens,"Establish scope: `acme_genai_index` technique_id=AML.T0065 over your investigation window. || Pivot entities: | stats count values(incident_id) as incidents by agent.id, session_id. || Validate detection signal: search for 'agent_tool_requesting_cloud_metadata_endpoint' in raw events. || Control efficacy: filter defenseclaw_action=HARD_DENY and codeguard_blocked. || Chain context: correlate incident_id and parent_trace_id with kill-chain timeline dashboard. || Framework mapping: | lookup acme_framework_lookup technique_id OUTPUT owasp_llm, nist_ai_rmf, severity. || Close loop: document observed vs expected stage in acme_kill_chain_stages_lookup for chain exercises.","`acme_genai_index` technique_id=""AML.T0065"" target_url LIKE ""%169.254.169.254%"""
